"0","#message=FALSE, warning=FALSE, include=FALSE, echo=FALSE"
"0","# install packages and library"
"0",""
"0","# install.packages(""leaflet"")"
"0","#install.packages(""flexdashboard"")"
"0","#install.packages(""shiny"")"
"0","#install.packages(""here"")"
"0","#install.packages(""dplyr"")"
"0","#install.packages (""kableExtra"")"
"0","#install.packages (""FinancialMath"")"
"0","#install.packages(""gridExtra"")"
"0",""
"0","library(shiny)"
"0","library(flexdashboard)"
"0","library(leaflet)"
"0","library(here)"
"0","library(dplyr)"
"0","library(kableExtra)"
"0","library(FinancialMath)"
"0","library(gridExtra)"
"0",""
